first_name,second_name
家居建材五金,地板/瓷砖
家居建材五金,厨柜/衣柜定制
家居建材五金,涂料/墙饰/壁纸
家居建材五金,门/锁/窗/楼梯
家居建材五金,照明/灯饰
家居建材五金,吊顶/板材
家居建材五金,管道电线电缆布线
家居建材五金,卫浴洁具浴室
家居建材五金,电工/工具/五金
家居建材五金,建筑材料/消防
条件模块筛选,按人群
条件模块筛选,按风格
条件模块筛选,季节流行
条件模块筛选,按地区
条件模块筛选,按价格
条件模块筛选,按行业查看
条件模块筛选,品牌等级查看
条件模块筛选,精华专题
条件模块筛选,知识大讲堂
条件模块筛选,热点聚焦文章
条件模块筛选,精英名人堂
条件模块筛选,装修/美图
条件模块筛选,招商加盟
条件模块筛选,网店推荐
条件模块筛选,名品大牌
条件模块筛选,销售与服务网点
条件模块筛选,生活十大
条件模块筛选,赚钱/人生指南
条件模块筛选,风水/福运
条件模块筛选,装修/空间改造
条件模块筛选,户型/房屋类型
条件模块筛选,设计案例
条件模块筛选,材质特点
条件模块筛选,身体部位
条件模块筛选,食疗/健康饮食
条件模块筛选,健康/养生
条件模块筛选,菜系分类
条件模块筛选,菜谱
条件模块筛选,食材
条件模块筛选,信息导航
行业精选,集成环保灶
行业精选,管道-水管
行业精选,地板
行业精选,集成吊顶
行业精选,防盗门-安全门
行业精选,整体衣柜
行业精选,油漆涂料
行业精选,硅藻泥
行业精选,净水器
行业精选,墙布-壁布
行业精选,厨柜/整体厨房
行业精选,推拉门-移门
行业精选,防火门
行业精选,铝合金门窗
行业精选,木门-复合套装门
行业精选,复合强化地板
行业精选,实木地板
行业精选,松木家具
行业精选,竹地板
行业精选,多层木地板
行业精选,生态板
行业精选,铝材/铝合金
行业精选,水性漆-环保漆
行业精选,防水材料
行业精选,全屋定制
行业精选,卫浴洁具
行业精选,空气能热水器
行业精选,开关插座
行业精选,灯饰灯具
行业精选,润滑油
行业精选,水龙头
行业精选,女装
行业精选,裙装-裙子
行业精选,男装
行业精选,童装/童鞋
行业精选,手机
行业精选,婴儿用品
行业精选,蚕丝被
行业精选,冲锋衣
行业精选,冬季
日常生活服务,商务服务/生活服务
日常生活服务,旅游/酒店
日常生活服务,金融/保险
日常生活服务,休闲娱乐
日常生活服务,医疗护理
日常生活服务,媒体/传媒
日常生活服务,大学/科研/教育
日常生活服务,游戏/网络服务
日常生活服务,房产/家装服务
日常生活服务,餐饮饮食
日常生活服务,赚钱/人生指南
日常生活服务,生活十大
车/建工/农具,车/出行工具
车/建工/农具,车用品/车配件
车/建工/农具,建工/机械设备
车/建工/农具,农用/农具
车/建工/农具,机电仪器仪表
车/建工/农具,电能/能源/化工
日用百货居家,生活居家日用品
日用百货居家,杯具瓷器茶具
日用百货居家,餐具锅具/厨房用具
日用百货居家,纸品/保鲜
日用百货居家,置物收纳
日用百货居家,宠物食品用品
日用百货居家,洗浴/卫生清洁
日用百货居家,家纺/被子/床品
日用百货居家,个人生活护理
日用百货居家,家饰摆设
日用百货居家,按价格
食品茶水特产 ,零食/休闲食品
食品茶水特产 ,酒类
食品茶水特产 ,茶/咖啡
食品茶水特产 ,婴儿食品
食品茶水特产 ,营养辅食
食品茶水特产 ,餐饮饮食
食品茶水特产 ,烘焙食品
食品茶水特产 ,牛奶乳品
食品茶水特产 ,饮料/冲饮
食品茶水特产 ,烟/烟具
食品茶水特产 ,方便速食/冷冻
食品茶水特产 ,米面豆粮/干货
食品茶水特产 ,肉禽/水产品
食品茶水特产 ,调味/食用油
食品茶水特产 ,蔬菜/果品
食品茶水特产 ,礼品/国礼/特产
食品茶水特产 ,保健品营养品
食品茶水特产 ,食材
食品茶水特产 ,菜谱
食品茶水特产 ,菜系分类
食品茶水特产 ,食疗/健康饮食
食品茶水特产 ,滋补保健
母婴文教图书 ,文具学习用品
母婴文教图书 ,婴幼儿用品/设施
母婴文教图书 ,童装/童鞋
母婴文教图书 ,孕产妇
母婴文教图书 ,大学/科研/教育
母婴文教图书 ,琴/吉他/乐器
母婴文教图书 ,图书音像文化
母婴文教图书 ,玩具/车/游乐
母婴文教图书 ,婴幼童
母婴文教图书 ,营养辅食
母婴文教图书 ,婴儿护肤品
人群医药保健 ,按人群
人群医药保健 ,体育运动/运动户外
人群医药保健 ,保健按摩器材
人群医药保健 ,保健品营养品
人群医药保健 ,滋补食材药材
人群医药保健 ,成人用品
人群医药保健 ,医药/医院
人群医药保健 ,身体部位
人群医药保健 ,健康/养生
人群医药保健 ,医疗护理
人群医药保健 ,婴幼儿用品/设施
人群医药保健 ,母婴文教图书
人群医药保健 ,健身/球具球拍
人群医药保健 ,户外用品/旅游装备
名牌时尚奢侈 ,珠宝首饰饰品
名牌时尚奢侈 ,名车豪宅
名牌时尚奢侈 ,时尚潮流
名牌时尚奢侈 ,礼品/国礼/特产
名牌时尚奢侈 ,酒类
名牌时尚奢侈 ,鞋帽服装箱包
名牌时尚奢侈 ,美妆打扮护理
名牌时尚奢侈 ,美容/整形/保健
名牌时尚奢侈 ,手表
名牌时尚奢侈 ,奢侈服装/时装
名牌时尚奢侈 ,别墅/豪宅
名牌时尚奢侈 ,保健品营养品
名牌时尚奢侈 ,旅游/酒店
名牌时尚奢侈 ,房产家居
名牌时尚奢侈 ,明星家居
名牌时尚奢侈 ,品牌等级查看
箱包穿着打扮 ,鞋袜
箱包穿着打扮 ,服饰/服装
箱包穿着打扮 ,包包/皮具
箱包穿着打扮 ,帽/搭配/配饰
箱包穿着打扮 ,女鞋
箱包穿着打扮 ,名牌时尚奢侈
男士运动户外 ,男装/上装
男士运动户外 ,男鞋/下装
男士运动户外 ,户外用品/旅游装备
男士运动户外 ,运动鞋/运动服/泳装
男士运动户外 ,健身/球具球拍
男士运动户外 ,更多男士有关>>
女士女装内衣,女装/上装
女士女装内衣,内衣/文胸
女士女装内衣,下装/女裤
女士女装内衣,睡衣/裙装/套装
女士女装内衣,美妆打扮护理
女士女装内衣,鞋帽服装箱包
女士女装内衣,母婴文教图书
女士女装内衣,更多女士有关>>
美容打扮化妆 ,面部护理/护肤
美容打扮化妆 ,彩妆美妆/美甲
美容打扮化妆 ,香水/精油/美体
美容打扮化妆 ,美发/护发
美容打扮化妆 ,眉眼/护眼/眼镜
美容打扮化妆 ,洗浴/卫生清洁
美容打扮化妆 ,男性护理
美容打扮化妆 ,个人生活护理
美容打扮化妆 ,美容/整形/保健
美容打扮化妆 ,化妆品
美容打扮化妆 ,女性健康
电器数码办公 ,厨卫/厨卫电器
电器数码办公 ,大家电/视听
电器数码办公 ,生活电器
电器数码办公 ,手机/数码/数码配件
电器数码办公 ,办公器材/耗材
电器数码办公 ,电脑/电脑外设
电器数码办公 ,存储/连接/数据线
电器数码办公 ,电池/电源/充电
电器数码办公 ,GPS/雷达/监控设备
电器数码办公 ,网络设备产品
电器数码办公 ,游戏/网络服务
家饰家纺房产 ,沙发/家具/床垫
家饰家纺房产 ,家纺/被子/床品
家饰家纺房产 ,布艺/窗帘/遮阳
家饰家纺房产 ,家饰摆设
家饰家纺房产 ,装修/空间改造
家饰家纺房产 ,设计案例
家饰家纺房产 ,风格/款式
家饰家纺房产 ,功能空间
家饰家纺房产 ,风水/福运
家饰家纺房产 ,面积
家饰家纺房产 ,预算
家饰家纺房产 ,户型/房屋类型
家饰家纺房产 ,房产家居
